Odor;Boiling Point;Melting Point;Flash Point;Solubility;Vapor Pressure;Density;Vapor Density;pKa;;;
1-methoxy-4-prop-1-enylbenzene;['ANISE OIL ODOR'];['234.5 °C', '234 °C'];['21.325 °C', '21.3 °C'];[];[];['0.9878 @ 20 °C/4 °C'];[];[];;;
1-methoxy-4-propylbenzene;[];['211.5 °C'];[];[];[];[];[];[];;;
methyl hexa-2,4-dienoate;[];['180.0 °C'];['15.0 °C', '5°C'];[];[];[];[];[];;;
methyl 4-methoxybenzoate;[];['256.0 °C'];['49.0 °C', '48°C'];[];[];[];[];[];;;
ethyl acetate;['CHARACTERISTIC ETHER-LIKE ODOR REMINISCENT OF PINEAPPLE.', 'Fragrant odor', 'Ether-like, fruity odor', 'Fruity with a brandy note'];['171 °F at 760 mm Hg (NTP, 1992)', '77.1 °C', '77 °C', '171°F'];['-118.5 °F (NTP, 1992)', '-83.6 °C', '-83.8 °C', '-83.6°C', '-84 °C', '117°F', '-117°F'];['24 °F (NTP, 1992)', '-4 °C c.c.', '24°F'];[];['0.902 at 68 °F (USCG, 1999)', '0.9003 g/cu cm at 20 °C', 'Relative density (water = 1): 0.9', '0.90'];['3.04 (NTP, 1992) (Relative to Air)', '3.04 (Air = 1)', 'Relative vapor density (air = 1): 3.0', '3.04'];[];;;
3,4-dimethylcyclopentane-1,2-dione;[];[];['71-72°C'];[];[];[];[];[];;;
5-methyloxolan-2-one;[];['405 to 406 °F at 760 mm Hg (NTP, 1992)'];['-24 °F (NTP, 1992)', '-31°C'];['178 °F (NTP, 1992)'];[];['1.057 at 68 °F (NTP, 1992)'];['3.45 (NTP, 1992) (Relative to Air)'];[];;;
2-methoxy-4-propylphenol;[];[];[];[];[];[];[];[];;;
4-(hydroxymethyl)-2-methoxyphenol;[];[];['115.0 °C', '114-115°C'];[];[];[];[];[];;;
4-(2,6,6-trimethylcyclohexen-1-yl)but-3-en-2-one;[];[];[];[];[];[];[];[];;;
2-methylbut-2-enoic acid;['Spicey'];['198.5 °C at 760 mm Hg, 95.0-96 °C at 11.5 mm Hg'];['62.5-64 °C', '61-65°C'];[];[];['0.972'];[];[];;;
benzoic acid;['Odorless or with a slight benzaldehyde odor', 'FAINT, PLEASANT ODOR'];['480 °F at 760 mm Hg (NTP, 1992)', '249.2 °C', '249.2 °C', '249.2 °C at 760 mm Hg', '249 °C'];['252.3 °F (NTP, 1992)', '122.4 °C', '122.4 °C', '121,5 - 123,5 °C', '122.35 °C', '122.4°C', '122 °C'];['250 °F (NTP, 1992)', '250 °F (121 °C) (closed cup)', '121 °C c.c.'];[];['1.316 at 82.4 °F (USCG, 1999)', '1.2659 g/cu cm at 15 °C', '1.3 g/cm³', 'Relative density of the vapour/air-mixture at 20 °C (air = 1): 1'];['4.21 (NTP, 1992) (Relative to Air)', '4.21 (Air = 1)', 'Relative vapor density (air = 1): 4.2'];['4.19 (at 25 °C)'];;;
phenyl 2-hydroxybenzoate;[];['342 to 343 °F at 760 mm Hg (NTP, 1992)', '172-173'];['106 to 109 °F (NTP, 1992)', '41-43', '43°C'];[];[];['1.2614 at 86 °F (NTP, 1992)'];[];[];;;
ethyl 2-benzyl-3-oxobutanoate;[];[];[];[];[];[];[];[];;;
prop-2-enyl 3-phenylprop-2-enoate;[];[];[];[];[];[];[];[];;;
3-phenylprop-2-enyl 2-methylpropanoate;[];[];[];[];[];[];[];[];;;
3-phenylprop-2-enyl propanoate;[];[];[];[];[];[];[];[];;;
3-phenylprop-2-enyl butanoate;[];[];[];[];[];[];[];[];;;
hex-3-enyl 2-hydroxybenzoate;[];[];[];[];[];[];[];[];;;
hexyl benzoate;[];['522 °F at 770 mm Hg (NTP, 1992)', '272.0 °C', '272 °C AT 770 MM HG'];[];['greater than 200 °F (NTP, 1992)'];[];['0.979 at 70.7 °F (NTP, 1992)'];['7.1 (NTP, 1992) (Relative to Air)', '7.1'];[];;;
1,3-benzodioxole-5-carbaldehyde;['Heliotrope odor', 'Floral odor', 'Sweet, flowery odor reminiscent of heliotrope', 'Sweet-floral, slightly spicey, heliotrope-like odor'];['505 °F at 760 mm Hg (NTP, 1992)', '263.0 °C', '263 °C'];['99 °F (NTP, 1992)', '37.0 °C', '37 °C', '37°C'];[];[];[];[];[];;;
3-phenylprop-2-enyl formate;[];[];[];[];[];[];[];[];;;
3,7,11,15-tetramethylhexadec-2-en-1-ol;[];[];[];[];[];[];[];[];;;
3-phenylprop-2-en-1-ol;['ODOR OF HYACINTH', 'PLEASANT, FLORAL ODOR'];['250.0 °C @ 760 MM HG'];['33 °C', '33°C'];['126 °C'];[];['1.0397 @ 35 °C/35 °C'];[];[];;;
3-phenylpropan-1-ol;['Floral odor', 'Blossomy-balsamic odor, slightly reminiscent of hyacinths', 'Sweet, hyacinth-mignonette odor'];['235.0 °C', '241 °C'];['<-18 °C', '<-18°C'];['Flash Point: 212 °F/ 100 °C/ closed cup'];[];['0.995 g/cu cm at 25 °C'];[];[];;;
1,2-dimethoxybenzene;[];['206.0 °C'];['22.5 °C', '22.5°C'];[];[];[];[];[];;;
1-(4-methoxyphenyl)propan-2-one;[];['268.0 °C'];['46°C'];[];[];[];[];[];;;
4-(4-hydroxy-3-methoxyphenyl)butan-2-one;['STRONG, PUNGENT ODOR REMINISCENT OF GINGER', 'SWEET, SPICY AROMA'];['187-188 °C @ 14 mm Hg'];['40.5 °C', '41°C'];['APPROX 102 °C'];[];['1.138-1.139 @ 25 °C'];[];[];;;
1-(4-hydroxy-3-methoxyphenyl)ethanone;[];['297.0 °C'];['115.0 °C'];[];[];[];[];[];;;
2-hydroxy-1,2-diphenylethanone;['SWEET NON-DESCRIPT ODOR', 'VANILLA-LIKE ODOR'];['651 °F at 760 mm Hg (NTP, 1992)', '344.0 °C', 'at 102.4kPa: 344 °C'];['279 °F (NTP, 1992)', '137.0 °C', '137°C', '137 °C'];[];[];['1.31 at 68 °F (NTP, 1992)', '1.31 g/cm³'];[];[];;;
(4-methoxyphenyl)methyl acetate;[];['270.0 °C'];['84.0 °C', '84°C'];[];[];[];[];[];;;
(4-methoxyphenyl)methyl propanoate;[];[];[];[];[];[];[];[];;;
3-phenylprop-2-enal;[];[];[];[];[];[];[];[];;;
4-hydroxy-3-methoxybenzaldehyde;['Sweetish smell', 'Pleasant aromatic vanilla odor'];['545 °F at 760 mm Hg (NTP, 1992)', '285.0 °C', '285 °C'];['178 to 181 °F (NTP, 1992)', '81.5 °C', '81-83 °C', '81.5°C'];['153 °C (307 °F) - closed cup', '153 °C c.c.'];[];['1.056 at 68 °F (NTP, 1992)', '1.056', '1.06 g/cm³'];['5.2 (Air = 1)', 'Relative vapor density (air = 1): 5.2'];[];;;
3-ethoxy-4-hydroxybenzaldehyde;['Finer and more intense vanilla', 'Resembles that of vanillin but approximately 3 times as strong.'];['294.0 °C', '285 °C'];['171 to 172 °F (NTP, 1992)', '77.5 °C', '76.7 °C', '76-78°C'];['145 °C (293 °F) - closed cup'];[];[];[];[];;;
3,4-dimethoxybenzaldehyde;[];['538 °F at 760 mm Hg (NTP, 1992)', '281.0 °C'];['108 to 109 °F (NTP, 1992)', '43.0 °C', '58°C'];['greater than 230 °F (NTP, 1992)'];[];[];[];[];;;
4-ethenylphenol;[];[];['73.5 °C', '73.5°C'];[];[];[];[];[];;;
2-methoxy-4-methylphenol;[];['221.0 °C'];['5.5 °C', '5.5°C'];[];[];[];[];[];;;
(4-methoxyphenyl)methanol;[];['259.1 °C'];['25.0 °C', '24-25°C'];[];[];[];[];[];;;
2,2-dimethyl-3-methylidenebicyclo[2.2.1]heptane;['Camphoraceous, cooling, piney wood with trephy nuances...citrus and green minty and green spicy notes', 'Insipid odor', 'Camphor-like'];['310 °F at 760 mm Hg (USCG, 1999)', '159.5 °C', '161 °C /camphene, (+); 158 °C /camphene, (-)/', '156-160 °C'];['122 °F (USCG, 1999)', '51.6 °C', '52 °C', '46 °C'];['92 °F (USCG, 1999)', '42 °C (open cup); 33 °C (closed cup)', '108 °F Open cup; 92 °F closed cup', '26 °C c.c.'];[];['0.87 at 59 °F (USCG, 1999)', '0.839 g/mL at 20 °C', '0.87 g/cm³', 'Relative density of the vapour/air-mixture at 20 °C (air = 1): 1.01'];['Relative vapor density (air = 1): 4.7'];[]
1-methoxy-4-methylbenzene;['STRONG FLORAL ODOR', 'PUNGENT ODOR SUGGESTIVE OF YLANG-YLANG', 'SHARP, FRUITY SWEET ODOR'];['175.5 °C', '175.5 °C AT 760 MM HG'];['-32.0 °C', '-32 °C', '-32°C'];[];[];['0.969 AT 25 °C/25 °C'];[];[];;;
1-phenylbutan-1-one;[];['228.5 °C'];['12.0 °C'];[];[];[];[];[];;;
5-methyl-2-propan-2-ylidenecyclohexan-1-one;['Pleasant odor, midway between peppermint and camphor'];['224 °C'];[];[];[];['0.9323 at 20 °C'];[];[];;;
1,7,7-trimethylbicyclo[2.2.1]heptan-2-one;['Fragrant and penetrating odor', 'Penetrating aromatic odor'];['399 °F at 760 mm Hg (NIOSH, 2016)', '347 to 392 °F at 760 mm Hg (USCG, 1999)', '399 °F at 760 mm Hg (NTP, 1992)', '399 °F at 760 mm Hg (sublimes) (NTP, 1992)', '205.7 °C', '209 °C', '204 °C', '399°F'];['345 °F (NIOSH, 2016)', '353.8 °F (NTP, 1992)', '353.5 °F (NTP, 1992)', '179.26666666669996 °C', '174-179 °C', '180 °C', '345°F'];['150 °F (NIOSH, 2016)', '117 °F (USCG, 1999)', '148 °F (NTP, 1992)', '150 °F (NTP, 1992)', '150 °F; 66 °C (Closed Cup)', '66 °C c.c.', '150°F'];[];['0.99 (NIOSH, 2016)', '0.923 at 77 °F (USCG, 1999)', '0.992 at 77 °F (NTP, 1992)', '0.992 at 25 °C/4 °C', '0.99 g/cm³', 'Relative density of the vapour/air-mixture at 20 °C (air = 1): 1', '0.99'];['5.24 (NTP, 1992) (Relative to Air)', '5.24 (Air = 1)', 'Relative vapor density (air = 1): 5.24'];[];;
5-methylthiophene-2-carbaldehyde;[];[];[];[];[];[];[];[];;;
1,3,3-trimethyl-2-oxabicyclo[2.2.2]octane;['Camphor-like odor'];['349 to 351 °F at 760 mm Hg (NTP, 1992)', '176.4 °C', '176.4 °C', '176 °C'];['34.7 °F (NTP, 1992)', '1.5 °C', '1.5 °C', '1.5°C'];['49 °C (120 °F) - closed cup'];[];['0.921 to 0.923 (NTP, 1992)', '0.9267 g/cu cm at 20 °C'];[];[];;;
1-methyl-4-propan-2-yl-7-oxabicyclo[2.2.1]heptane;['MINTY LIME OIL ODOR'];['173.5 °C', '173-174 °C'];['1.0 °C', '1 °C', '1°C'];[];[];['0.8997 @ 20 °C'];[];[];;;
2,2,4-trimethylpentan-3-ol;[];[];[];[];[];[];[];[];;;
2,4-dimethylpentan-3-ol;[];['138.7 °C'];[];[];[];[];[];[];;;
2,4-dimethylhexan-3-ol;[];[];[];[];[];[];[];[];;;
2-methylpropan-2-ol;['Camphor-like odor'];['180 °F at 760 mm Hg (NTP, 1992)', '82.4 °C', '82.3 °C', '83 °C', '180°F'];['77.9 °F (NTP, 1992)', '25.4 °C', '25.81 °C', '25.4°C', '25 °C', '78°F'];['52 °F (NTP, 1992)', '52 °F (11 °C) (Closed cup)', '11 °C c.c.', '52°F'];[];['0.78 at 78.8 °F (USCG, 1999)', '0.7886 g/cu cm at 20 °C', 'Relative density (water = 1): 0.8', '0.78 at 78.8°F', '0.79 (Solid)'];['2.55 (NTP, 1992) (Relative to Air)', '2.55 (Air = 1)', 'Relative vapor density (air = 1): 2.6', '2.55'];[];;;
2,3-dimethylbutan-2-ol;[];['118.4 °C'];['-14.0 °C'];[];[];[];[];[];;;
2,3-dimethylpentan-2-ol;[];[];[];[];[];[];[];[];;;
2,3-dimethylhexan-2-ol;[];[];[];[];[];[];[];[];;;
2-methylbutan-2-ol;['Characteristic odor', 'Camphor odor'];['102.4 °C', '102.4 °C at 760 mm Hg'];['-9.1 °C', '-8.4°C'];['67 °F (NFPA, 2010)', '67 °C (CLOSED CUP)'];[];['0.8096 at 20 °C/4 °C'];[];[];;;
2,4-dimethylpentan-2-ol;[];['133.1 °C'];[];[];[];[];[];[];;;
2-methylpentan-2-ol;[];['121.1 °C'];['-103.0 °C'];[];[];[];[];[];;;
2,3-dimethylpentan-3-ol;[];[];[];[];[];[];[];[];;;
3-methylpentan-3-ol;[];['122.4 °C'];['-23.6 °C'];[];[];[];[];[];;;
3,5-dimethylhexan-3-ol;[];[];[];[];[];[];[];[];;;
3-methylhexan-3-ol;[];[];[];[];[];[];[];[];;;
2,3-dimethylhexan-3-ol;[];[];[];[];[];[];[];[];;;
3,3-dimethylbutan-2-ol;[];['120.4 °C'];['5.6 °C'];['78.8 °F, 26 °C: closed cup'];[];['0.8122 g/cu m'];[];[];;;
3-methylbutan-2-ol;[];['119 °C'];['-50 °C'];['33 °C'];[];['Relative density (water = 1): 0.8'];['Relative vapor density (air = 1): 3.0'];[];;;
3-methylpentan-2-ol;[];[];[];[];[];[];[];[];;;
3-methylhexan-2-ol;[];[];[];[];[];[];[];[];;;
3-ethylpentan-2-ol;[];[];[];[];[];[];[];[];;;
4,4-dimethylpentan-2-ol;[];[];[];[];[];[];[];[];;;
4-methylpentan-2-ol;['Mild odor.'];['269.2 °F at 760 mm Hg (USCG, 1999)', '131.6 °C', '133 °C @ 760 MM HG', '132 °C', '271°F'];['less than -130 °F (USCG, 1999)', '-90.0 °C', '-90 °C', '-130°F'];['106 °F (USCG, 1999)', '105 °F (OPEN CUP)', '41 °C', '106°F'];[];['0.807 at 68 °F (USCG, 1999)', '0.8075 @ 20 °C/4 °C', 'Relative density (water = 1): 0.82', '0.81'];['Relative vapor density (air = 1): 3.5'];[];;;
2,5-dimethylhexan-3-ol;[];[];[];[];[];[];[];[];;;
3-ethylpentan-3-ol;[];['142.0 °C'];['-12.5 °C'];[];[];[];[];[];;;
2,2-dimethylpentan-3-ol;[];['135.0 °C'];['-5.0 °C'];[];[];[];[];[];;;
2-methylpentan-3-ol;[];[];[];[];[];[];[];[];;;
4-methylhexan-3-ol;[];[];[];[];[];[];[];[];;;
4-methylheptan-3-ol;[];['170.0 °C'];['-123.0 °C'];[];[];[];[];[];;;
4-ethylhexan-3-ol;[];[];[];[];[];[];[];[];;;
pentan-3-ol;[];['116.2 °C', '116 °C'];['-8 °C'];['30 °C c.c.'];[];['Relative density (water = 1): 0.8'];['Relative vapor density (air = 1): 3'];[];;;
5-methylhexan-3-ol;[];[];[];[];[];[];[];[];;;
hexan-3-ol;[];[];[];[];[];[];[];[];;;
2,2-dimethylhexan-3-ol;[];[];[];[];[];[];[];[];;;
2-methylhexan-3-ol;[];[];[];[];[];[];[];[];;;
3-methylheptan-4-ol;[];[];[];[];[];[];[];[];;;
2-methylheptan-4-ol;[];[];[];[];[];[];[];[];;;
1,7,7-trimethylbicyclo[2.2.1]heptan-2-ol;['Piney, camphor-like odor'];['212 °C'];['202 °C'];['150 °F (60 °C) /closed cup/'];[];[];[];[];;;
2,2-dimethylpropan-1-ol;['PEPPERMINT ODOR'];['113.5 °C', '114 °C'];['52.5 °C', '53 °C'];['98 °F (37 °C) (CLOSED CUP)'];[];['0.812 @ 20 °C/4 °C'];['3.0 (AIR= 1)'];[];;;
2,2-dimethylbutan-1-ol;[];['136.5 °C'];[];[];[];[];[];[];;;
2-methylpropan-1-ol;['Sweet, musty odor', 'Odor like that of amyl alcohol, but weaker', 'Penetrating, wine-like, disagreeable odor', 'Suffocating odor of fusel oil', 'Slightly suffocating; nonresidual alcoholic'];['225 °F at 760 mm Hg (NTP, 1992)', '107.8 °C', '108 °C', '227°F'];['-162 °F (NTP, 1992)', '-108.0 °C', '-108 °C', '-108°C', '-162°F'];['82 °F (NTP, 1992)', 'Flash points: 28 °C, closed cup; 37.78 °C, open cup', '82 °F', '28 °C c.c.', '82°F'];[];['0.802 at 68 °F (USCG, 1999)', '0.8018 g/cu cm at 24 °C', 'Relative density (water = 1): 0.80', '0.80'];[];[];
2,3-dimethylpentan-1-ol;[];['311 to 313 °F at 760 mm Hg (NTP, 1992)'];[];['142 °F (NTP, 1992)'];[];['0.839 at 73.9 °F (NTP, 1992)'];[];[];;;
2-ethylbutan-1-ol;[];['293 °F at 760 mm Hg (USCG, 1999)', '147.0 °C', '146.27 °C @ 760 MM HG'];['-173 °F (USCG, 1999)', 'LESS THAN -15 °C'];['128 °F (USCG, 1999)', '137 °F OC.'];[];['0.834 at 68 °F (USCG, 1999)', '0.8326 @ 20 °C/4 °C'];[];[];;;
3,3-dimethylbutan-1-ol;[];['143.0 °C'];['-60.0 °C'];[];[];[];[];[];;;
3,4-dimethylhexan-2-ol;[];[];[];[];[];[];[];[];;;
2-methylheptan-3-ol;[];[];[];[];[];[];[];[];;;
2-ethylhexan-1-ol;['Mild, oily, sweet, slightly floral odor reminiscent of rose', 'Intense and unpleasant'];['363 to 365 °F at 760 mm Hg (NTP, 1992)', '184.6 °C', '184.34 °C', '182 °C', '363-365°F'];['-105 °F (NTP, 1992)', '-70.0 °C', '-70 °C', '-105°F'];['178 °F (NTP, 1992)', '164 °F (73 °C)', '73 °C c.c.', '178°F'];[];['0.834 at 68 °F (USCG, 1999)', '0.8344 at 20 °C/20 °C', 'Relative density (water = 1): 0.83', '0.834'];['4.49 (NTP, 1992) (Relative to Air)', '4.49 (Air = 1)', 'Relative vapor density (air = 1): 4.5', '4.49'];[];;;
(2,4-dimethylphenyl)methanamine;[];[];[];[];[];[];[];[];;;
1-methoxy-4-prop-2-enylbenzene;['Odor reminiscent of anise with a corresponding sweet taste (differing from anethole)'];['421 °F at 764 mm Hg (NTP, 1992)', '215.5 °C', '216 °C at 764 mm Hg'];[];['178 °F (NTP, 1992)', '81 °C (178 °F) - closed cup'];[];['0.9645 at 70 °F (NTP, 1992)', '0.965 g/cu cm at 25 °C'];[];[];;;
phenylmethoxymethylbenzene;['FAINT, ALMOND ODOR', 'VERY SLIGHT ODOR OF BENZALDEHYDE'];['568 °F at 760 mm Hg (decomposes) (NTP, 1992)', '298.0 °C', '295-298 °C WITH DECOMP'];['38.3 °F (NTP, 1992)', '3.6 °C', '3-4°C'];['275 °F (NTP, 1992)', '275 DEG (135 °C) (CLOSED CUP)'];[];['1.0428 at 68 °F (USCG, 1999)', '0.99735 AT 25 °C/4 °C'];['6.84 (NTP, 1992) (Relative to Air)'];[];;;
hexane-2,3-dione;[];['262 °F at 760 mm Hg (NTP, 1992)'];[];['83 °F (NTP, 1992)'];[];['0.934 at 66 °F (NTP, 1992)'];[];[];;;
4-phenylbut-3-en-2-one;[];['261.5 °C'];['41.75 °C', '41.5°C'];[];[];[];[];[];;;
1-(2,4-dimethylphenyl)ethanone;[];['228.0 °C'];[];[];[];[];[];[];;;
1-(3,4-dimethoxyphenyl)ethanone;[];['287.0 °C'];['51.0 °C'];[];[];[];[];[];;;
1-phenylethanone;['Sweet pungent odor', 'Sweet, pungent and strong medicinal odor', 'Sweet almond-like smell'];['395.1 °F at 760 mm Hg (USCG, 1999)', '202.0 °C', '202.1 °C', '202 °C', '395.1°F'];['67.5 °F (USCG, 1999)', '20.0 °C', '19.4 °C', '20°C', '20 °C', '67.5°F'];['180 °F (USCG, 1999)', '76 °C (169 °F) - closed cup', '170 °F (77 °C) - closed cup', '170.6 °F (77 °C) - closed cup; 180 °F (82.2 °C) - open cup', '82 °C - open cup', '77 °C c.c.', '180°F'];[];['1.028 at 68 °F (USCG, 1999)', '1.0281 g/cu cm at 20 °C', '1.03 g/cm³', 'Relative density of the vapour/air-mixture at 20 °C (air = 1): 1', '1.028'];['4.1 (Air = 1)', 'Relative vapor density (air = 1): 4.1'];[];;
heptan-3-one;['GREEN ODOR', 'Powerful, fruity odor'];['297 °F at 760 mm Hg (USCG, 1999)', '147.0 °C', '147 °C', '298°F'];['-38 °F (USCG, 1999)', '-39.0 °C', '-39 °C', '-39°C', '-38°F'];['115 °F (USCG, 1999)', '115 °F (46 °C) (Open cup)', '46 °C o.c.', '115°F (open cup)', '(oc) 115°F'];[];['0.818 (USCG, 1999)', '0.8183 at 20 °C/4 °C', 'Relative density (water = 1): 0.8', '0.82'];['3.93 (Air = 1)', 'Relative vapor density (air = 1): 3.9'];[];;;
3-phenylprop-2-enoic acid;[];['300.0 °C'];['133.0 °C', '133°C'];[];[];[];[];[];;;
(2-methyl-5-prop-1-en-2-ylcyclohex-2-en-1-yl) propanoate;[];[];[];[];[];[];[];[];;;
(5-methyl-2-propan-2-ylcyclohexyl) acetate;['EARTHY, WEEDY, FRUITY, BERRY-LIKE ODOR'];['227 °C'];[];[];[];[];[];[];;;
cyclohexyl propanoate;[];['193.0 °C'];[];[];[];[];[];[];;;
2-methylpropyl acetate;['Fruit-like odor', 'Fruity, floral odor', 'FRUITY (CURRANT-PEAR), FLORAL (HYACINTH-ROSE) ODOR', 'SOLVENTY NAIL POLISH-LIKE ODOR'];['243.1 °F at 760 mm Hg (USCG, 1999)', '116.5 °C', '118 °C', '243°F'];['-142.8 °F (USCG, 1999)', '-98.8 °C', '-98.85°C', '-99 °C', '-145°F'];['62 °F (USCG, 1999)', '18 °C (64 °F) (Closed cup)', '85 °F (Open cup)', '18 °C c.c.', '64°F'];[];['0.871 at 68 °F (USCG, 1999)', '0.8712 g/cu cm at 20 °C', 'Relative density (water = 1): 0.87', '0.87'];['4.0 (Air = 1)', 'Relative vapor density (air = 1): 4.0'];[];;;
2-methylpropyl 3-phenylprop-2-enoate;[];[];[];[];[];[];[];[];;;
ethyl 3-phenylprop-2-enoate;[];['271.0 °C'];['7.0 °C'];[];[];[];[];[];;;
ethyl 2-aminobenzoate;['Fruity odor', 'FAINT ORANGE-FLOWERS ODOR'];['514 °F at 760 mm Hg (NTP, 1992)', '268.0 °C', '268 °C at 760 mm Hg'];['55 °F (NTP, 1992)', '13.0 °C', '13 °C', '13°C'];[];[];['1.117 at 68 °F (NTP, 1992)', '1.1174 at 20 °C/4 °C'];[];[];;;
ethyl 2-hydroxybenzoate;[];['232.5 °C'];['1.0 °C', '1.3°C'];[];[];[];[];[];;;
ethyl 3-methyl-3-phenyloxirane-2-carboxylate;['ON DILUTION, STRONG FRUITY ODOR', 'FRUITY, BERRY AROMA'];['522 to 527 °F at 760 mm Hg (NTP, 1992)', '273.5 °C', '272-275 °C'];[];['greater than 200 °F (NTP, 1992)', '134 °C'];[];['1.104 to 1.123 at 68 °F (NTP, 1992)', '1.0442 @ 20 °C'];[];[];;;
ethyl 3-oxobutanoate;['PLEASANT GREEN, FRUITY, RUM ODOR'];['363 °F at 760 mm Hg (USCG, 1999)', '180.8 °C', '180.8 °C AT 760 MM HG'];['less than -112 °F (USCG, 1999)', '-45.0 °C', '-45 °C', '-45°C'];['135 °F (USCG, 1999)', '184 °F CC (84.4 °C)', '70 °C c.c.'];[];['1.028 at 68 °F (USCG, 1999)', '1.0282 AT 20 °C/4 °C', 'Relative density (water = 1): 1.021'];['4.48', 'Relative vapor density (air = 1): 4.48'];[];;;
prop-2-enyl 3-cyclohexylpropanoate;[];[];[];[];[];[];[];[];;;
prop-2-enyl nonanoate;[];['189 to 196 °F at 3 mm Hg (NTP, 1992)'];[];['84 °F (NTP, 1992)'];[];['0.841 at 68 °F (NTP, 1992)'];[];[];;;
benzyl benzoate;['Light, balsamic odor reminiscent of almond', 'Faint, pleasant, aromatic odor'];['323.5 °C', '323.5 °C', '321.3 °C', '324 °C'];['21 °C', '21.0 °C', '19 °C', '21°C', '21 °C'];['158 °C (316 °F) - closed cup', '298 °F (148 °C) - closed cup', '148 °C'];[];['1.1121 g/cu cm at 25 °C', 'Relative density (water = 1): 1.1'];['7.31 (Air = 1)', 'Relative vapor density (air = 1): 7.3'];[];;;
benzyl 2-hydroxybenzoate;['Faint sweet odor'];['406 °F at 26 mm Hg (NTP, 1992)', '320 °C'];['75 °F (NTP, 1992)', '24 °C', '23.4°C'];['180 °C (356 °F) - closed cup', '>212 °F (>100 °C) - closed cup'];[];['1.175 at 68 °F (NTP, 1992)', '1.175 g/m cu at 20 °C'];[];[];;;
benzyl propanoate;[];['220.0 °C'];[];[];[];[];[];[];;;
benzyl 2-phenylacetate;[];[];[];['greater than 200 °F (NTP, 1992)'];[];['1.1 (NTP, 1992)'];[];[];;;
3-methylbutyl benzoate;[];['261.0 °C'];[];[];[];[];[];[];;;
3-methylbutyl hexanoate;[];['225.5 °C'];[];[];[];[];[];[];;;
2-cyclohexylethyl acetate;[];[];[];[];[];[];[];[];;;
2-phenylethyl 3-phenylprop-2-enoate;[];[];[];[];[];[];[];[];;;
2-phenylethyl butanoate;[];[];[];[];[];[];[];[];;;
butyl 2-hydroxypropanoate;['Mild, transient odor'];['370 °F at 760 mm Hg (USCG, 1999)', '186.0 °C', '77 °C at 10 mm Hg', '370°F'];['-45 °F (NIOSH, 2016)', '-28.0 °C', 'Freezing point: -43 °C', '-28°C', '-45°F'];['160 °F (USCG, 1999)', '160 °F (closed cup)', '160°F'];[];['0.98 (USCG, 1999)', '0.9744 g/cu cm at 27 °C', '0.98'];['5.04 (USCG, 1999) (Relative to Air)', '5.04'];[];;;
pentyl octanoate;[];['260.2 °C'];['-34.8 °C', '-34--35°C'];[];[];[];[];[];;;
hexyl butanoate;[];['208.0 °C'];['-78.0 °C', '-78°C'];[];[];[];[];[];;;
heptyl butanoate;[];['225.8 °C'];['-57.5 °C', '-57.5°C'];[];[];[];[];[];;;
5-ethyloxolan-2-one;[];['215.5 °C'];['-18.0 °C', '-18°C'];[];[];[];[];[];;;
5-propyloxolan-2-one;[];[];[];[];[];[];[];[];;;
hex-2-enal;[];[];[];[];[];[];[];[];;;
4-methoxybenzaldehyde;['Hawthorn odor', 'Odor resembles that of coumarin', 'Sweet powdery, spicy creamy, fruity, vanilla and hay-like. Coumarin, almond, anisic with berry nuances.'];['248.0 °C', '255 °C'];['0.0 °C', '0 °C', '0°C'];['116 °C (241 °F) - closed cup'];[];['1.1191 g/cu cm at 15 °C'];['4.7 (Air = 1)'];[];;;
4-ethoxybenzaldehyde;[];['249.0 °C'];['13.5 °C', '13-14°C'];[];[];[];[];[];;;
furan-2-carbaldehyde;['Peculiar odor, somewhat resembling the odor of benzaldehyde', '... Almond-like odor ...'];['323.1 °F at 760 mm Hg (NTP, 1992)', '161.7 °C', '162 °C', '323°F'];['-33.7 °F (NTP, 1992)', '-38.1 °C', '-37°C', '-36.5 °C', '-34°F'];['140 °F (NTP, 1992)', '60 °C (140 °F) (Closed cup)', '60 °C c.c.', '140°F'];[];['1.159 at 68 °F (USCG, 1999)', '1.1594 g/cu cm at 20 °C', 'Relative density (water = 1): 1.16', '1.16'];['3.31 (NTP, 1992) (Relative to Air)', '3.3 (Air= 1)', 'Relative vapor density (air = 1): 3.3'];[];;;
7-hydroxy-3,7-dimethyloctanal;[];['241.0 °C'];[];[];[];[];[];[];;;
2-methylpropyl formate;[];['98.2 °C'];['-95.8 °C', '-95°C'];['less than 70 °F (NFPA, 2010)'];[];[];[];[];;;
2-methoxy-4-prop-1-enylphenol;[];['266.0 °C'];['11.75 °C'];[];[];[];[];[];;;
4-(4-hydroxyphenyl)butan-2-one;['Sweet fruity, warm odor resembling raspberry preserve'];['Decomposes'];['82.5 °C', '82.5°C'];[];[];[];[];[];;;
pentan-1-ol;['CHARACTERISTIC FUSEL-LIKE ODOR', 'Mild odor'];['280 °F at 760 mm Hg (NTP, 1992)', '137.9 °C', '137.5 °C', '138 °C'];['-110 °F (NTP, 1992)', '-78.9 °C', '-79 °C', '-78.9°C'];['91 °F (NTP, 1992)', '91 °F (33 °C) (CLOSED CUP)', '43 °C c.c.'];[];['0.818 at 59 °F (USCG, 1999)', '0.8146 @ 20 °C/4 °C', 'Relative density (water = 1): 0.8'];['3.04 (NTP, 1992) (Relative to Air)', '3.0 (AIR= 1)', 'Relative vapor density (air = 1): 3'];[];;;
3-phenylpropanoic acid;[];['279.8 °C', '279.8 °C'];['107 °C', '107.0 °C', '45-48°C'];[];[];[];[];['4.66 (at 18 °C)'];;;
3,7-dimethylocta-2,6-dienyl acetate;[];['238.33333333333297 °C'];[];[];[];[];[];[];;;
3,7-dimethylocta-2,6-dienyl propanoate;[];[];[];[];[];[];[];[];;;
3,7-dimethylocta-2,6-dienyl butanoate;[];[];[];[];[];[];[];[];;;
3,7-dimethyloct-6-enyl butanoate;[];[];[];[];[];[];[];[];;;
2-phenylethyl 2-phenylacetate;[];[];['26.5 °C', '28°C'];[];[];[];[];[];;;
3,7-dimethyloct-6-enal;['Intense lemon-citronella-rose odor'];['205 °C'];['147 °C'];['165 °F (74 °C) (CLOSED CUP)'];[];['0.853 g/cu cm at 20 °C'];[];[];;;
3,7-dimethylocta-2,6-dienyl formate;[];[];[];[];[];[];[];[];;;
3,7-dimethylocta-2,6-dien-1-ol;[];[];[];[];[];[];[];[];;;
3,7-dimethyloctan-1-ol;[];['212.5 °C'];[];[];[];[];[];[];;;
ethyl butanoate;['Pineapple odor'];['250 °F at 760 mm Hg (USCG, 1999)', '121.5 °C', '120-121 °C'];['-135 °F (USCG, 1999)', '-98.0 °C', '-97 °C', '-93.3°C'];['75 °F (USCG, 1999)', '75 °F (24 °C) Closed cup'];[];['0.879 at 68 °F (USCG, 1999)', '0.8735 g/cu cm at 25 °C'];['4.0 (Air = 1)'];[];;;
cyclopentanone;['DISTINCTIVE ETHEREAL ODOR, SOMEWHAT LIKE PEPPERMINT'];['267.17 °F at 760 mm Hg (NTP, 1992)', '130.5 °C', '130.6 °C AT 760 MM HG', '131 °C'];['-60.3 °F (NTP, 1992)', '-51.3 °C', '-58°C', '-51 °C'];['86 °F (NTP, 1992)', '87 °F (CLOSED CUP)', '26 °C'];[];['0.94869 at 68 °F (NTP, 1992)', '0.94869 @ 20 °C/4 °C', 'Relative density (water = 1): 0.95'];['2.3 (AIR= 1)', 'Relative vapor density (air = 1): 2.3'];[];;;
6-hexyloxan-2-one;[];[];[];[];[];[];[];[];;;
2-methylheptan-2-ol;[];['156.0 °C'];['-50.4 °C'];[];[];[];[];[];;;
4-methylheptan-4-ol;[];['161.0 °C'];['-82.0 °C'];[];[];[];[];[];;;
butan-2-ol;['HAS A STRONG VINOUS ODOR', 'Sweet', 'Wine odor liquid', 'Strong, pleasant odor'];['211 °F at 760 mm Hg (NIOSH, 2016)', '99.5 °C', '100 °C', '211°F'];['-175 °F (NIOSH, 2016)', '-114.7 °C', '-114 °C', '-114.7°C', '-115 °C', '-175°F'];['75 °F (NIOSH, 2016)', '24 °C (75 °F) (closed cup)', '31 °C (open cup) /dl-2-butanol/', '24 °C c.c.', '75°F'];[];['0.81 (NIOSH, 2016)', '0.8063 at 20 °C/4 °C', 'Relative density (water = 1): 0.81', '0.81'];['2.6 (Air= 1)', 'Relative vapor density (air = 1): 2.55'];[];;;
pentan-2-ol;[];['234 °F at 760 mm Hg (NIOSH, 2016)', '119.3 °C', '119 °C', '234°F'];['-73.0 °C', '-73°C', '-50 °C'];['95 °F (NIOSH, 2016)', '33 °C', '(oc) 95°F'];[];['0.82 (NIOSH, 2016)', 'Relative density (water = 1): 0.8', '0.82'];['Relative vapor density (air = 1): 3.0'];[];;;
6-methylheptan-2-ol;[];[];[];[];[];[];[];[];;;
nonan-2-ol;[];[];['-35.5°C'];[];[];[];[];[];;;
5-methylheptan-3-ol;[];[];[];[];[];[];[];[];;;
6-methylheptan-3-ol;[];[];[];[];[];[];[];[];;;
heptan-3-ol;[];[];[];[];[];[];[];[];;;
octan-3-ol;[];[];[];[];[];[];[];[];;;
nonan-3-ol;[];[];[];[];[];[];[];[];;;
decan-3-ol;[];[];['-7.5°C'];[];[];[];[];[];;;
undecan-3-ol;[];[];[];[];[];[];[];[];;;
dodecan-3-ol;[];[];[];[];[];[];[];[];;;
heptan-4-ol;[];['156.0 °C'];['-41.2 °C'];[];[];[];[];[];;;
octan-4-ol;[];[];[];[];[];[];[];[];;;
undecan-4-ol;[];[];[];[];[];[];[];[];;;
nonan-5-ol;[];['193.0 °C'];[];[];[];[];[];[];;;
decan-5-ol;[];[];[];[];[];[];[];[];;;
ethanol;['Pleasant', 'Fragrant odor', 'Alcohol odor', 'Weak, ethereal, vinous odor'];['173.3 °F at 760 mm Hg (NTP, 1992)', '78.2 °C', '78.2 °C', '78.24 °C', '78 °C', '173°F'];['-173.4 °F (NTP, 1992)', '-114.1 °C', '-114.1 °C', '-114.14 °C', '-114.1°C', '-114 °C', '-173°F'];['55 °F (NTP, 1992)', 'greater than 200 °F (NTP, 1992)', '14.0 °C (57.2 °F) - closed cup', 'Table: Flash Point for Ethyl Alcohol and Water', '55 °F (13 °C) (closed cup)', '12.0 °C c.c.', '55°F'];[];['0.79 at 68 °F (USCG, 1999)', '0.978 at 81 °F (NTP, 1992)', '0.7893 g/cu cm at 20 °C', 'Relative density (water = 1): 0.79', '0.79'];['1.59 (NTP, 1992) (Relative to Air)', '1.59 (Air = 1)', 'Relative vapor density (air = 1): 1.6', '1.59'];['15.9 (at 25 °C)'];;;
2,2,4-trimethylpentan-1-ol;[];[];[];[];[];[];[];[];;;
2,2-dimethylpentan-1-ol;[];[];[];[];[];[];[];[];;;
2-methylbutan-1-ol;[];['128.0 °C', '128 °C @ 760 MM HG', '128 °C'];['FREEZING POINT: LESS THAN -70 °C'];['122 °F (50 °C) (OPEN CUP)', '50 °C o.c.'];[];['0.816 @ 20 °C/4 °C', 'Relative density (water = 1): 0.8'];['3.0 (Air=1)', 'Relative vapor density (air = 1): 3'];[];;;
2-methylpentan-1-ol;[];['149.0 °C', '148 °C @ 760 MM HG'];[];['129 °F (54 °C) (CLOSED CUP)'];[];['0.8263 @ 20 °C/4 °C'];['3.52 (AIR= 1)'];[];;;
propan-1-ol;['Similar to ethanol', 'Odor perception threshold: <0.07-100 mg/cu-m; odor recognition threshold: 0.32-150 mg/cu m'];['207 °F at 760 mm Hg (USCG, 1999)', '97.2 °C', '97.2 °C', '97 °C', '207°F'];['-195.2 °F (USCG, 1999)', '-126.1 °C', '-126.1 °C', '-127 °C', '-126.1°C', '-196°F'];['77 °F (USCG, 1999)', '23 °C, 74 °F (closed cup)', '22 °C (open cup)', '15 °C c.c.', '72°F'];[];['0.803 at 68 °F (USCG, 1999)', '0.8053 @ 20 °C/4 °C', 'Relative density (water = 1): 0.8', '0.81'];['2.1 (Air = 1)', 'Relative vapor density (air = 1): 2.1'];['16.1'];;
3-methylbutan-1-ol;['CHARACTERISTIC, DISAGREEABLE ODOR', 'Disagreeable odor.'];['270 °F at 760 mm Hg (USCG, 1999)', '131.1 °C', '132.5 °C', '132 °C', '270°F'];['-179 °F (NIOSH, 2016)', '-117.2 °C', '-117.2°C', '-117 °C', '-179°F'];['114 °F (USCG, 1999)', '109 °F (43 °C) (Closed cup)', '42 °C c.c.', '114°F', '109°F'];[];['0.81 at 68 °F (USCG, 1999)', '0.813 @ 15 °C/4 °C', 'Relative density (water = 1): 0.8', '0.81 at 68°F', '(57°F): 0.81'];['3.04 (AIR=1)', 'Relative vapor density (air = 1): 3.0'];[];;;
3-methylpentan-1-ol;[];[];[];[];[];[];[];[];;;
butan-1-ol;['HARSH FUSEL ODOR WITH BANANA', 'Odor similar to amyl alcohol', 'Rancid, sweet', 'Strong characteristic, mildly alcoholic odor'];['243.9 °F at 760 mm Hg (USCG, 1999)', '117.7 °C', '117.85 °C', '117.6 °C', '117 °C', '243°F'];['-129 °F (USCG, 1999)', '-89.8 °C', '-89.8 °C', '-88.6 °C', '-89.8°C', '-90 °C', '-129°F'];[];[];['0.81 at 68 °F (USCG, 1999)', '0.8098 at 20 °C/4 °C', 'Relative density (water = 1): 0.81', '0.81'];['2.6 (Air = 1)', 'Relative vapor density (air = 1): 2.6'];['16.1 (at 25 °C)'];;;
4-methylpentan-1-ol;[];['151.9 °C'];[];[];[];[];[];[];;;
5-methylhexan-1-ol;[];['170.0 °C'];[];[];[];[];[];[];;;
hexan-1-ol;['Characteristic; sweet alcohol; pleasant'];['314.8 °F at 760 mm Hg (USCG, 1999)', '157.6 °C', '157 °C at 760 mm Hg', '157 °C'];['-48.3 °F (USCG, 1999)', '-44.6 °C', '-44.6°C'];['145 °F (USCG, 1999)', '73.9 °C (Open cup)', '58.4 °C (Closed cup)', '145 °F (63 °C) (Closed cup)', '63 °C c.c.'];[];['0.85 at 68 °F (USCG, 1999)', '0.8153 at 25 °C/4 °C; 0.8082 at 35 °C/4 °C', 'Relative density (water = 1): 0.82'];['3.5 (Air = 1)', 'Relative vapor density (air = 1): 3.52'];[]
heptan-1-ol;['Fragrant', 'FAINT, AROMATIC, FATTY'];['349 °F at 760 mm Hg (USCG, 1999)', '176.4 °C', '175.8 °C at 760 mm Hg', '175 °C'];['-29 °F (USCG, 1999)', '-34.0 °C', '-34.6 °C', '-34.1°C', '-34 °C'];['170 °F (USCG, 1999)', '71 °C', '70 °C c.c.'];[];['0.822 at 68 °F (USCG, 1999)', '0.8219 at 20 °C/4 °C', '0.82 g/cm³', 'Relative density of the vapour/air-mixture at 20 °C (air = 1): 1.01'];['Relative vapor density (air = 1): 4.01'];[];;;
octan-1-ol;['Fresh orange rose odor', 'Penetrating aromatic odor'];['383 °F at 760 mm Hg (USCG, 1999)', '195.1 °C', '194.7 °C', '194-195 °C', '178.5 °C'];['5 °F (USCG, 1999)', '-15.5 °C', '-14.7 °C', '-15.5°C', '-38.6 °C'];['178 °F (USCG, 1999)', '178 °F (81 °C) (Closed cup)', '81 °C c.c.', '76 °C'];[];['0.829 at 68 °F (USCG, 1999)', '0.8262 g/cu cm at 25 °C', 'Relative density (water = 1): 0.83', 'Relative density (water = 1): 0.82'];['4.5 (AIR= 1)', 'Relative vapor density (air = 1): 4.5'];[];;;
nonan-1-ol;['Floral odor', 'Odor of citronella oil'];['415 °F at 760 mm Hg (USCG, 1999)', '213.3 °C'];['23 °F (USCG, 1999)', '-5.0 °C', '-5 °C', '-5°C'];['165 °F (USCG, 1999)', '165 °F'];[];['0.827 at 68 °F (USCG, 1999)', '0.8279 at 20 °C/4 °C'];[];[];;;
2-phenylacetic acid;['Floral odor', 'Disagreeable odor of geranium', 'Has a sweet honey-like odor when diluted; the odor of the concentrated solution is suffocating and unpleasant.'];['265.5 °C', '265.5 deg at 760 mm Hg'];['76.5 °C', '76.7 °C', '76.7°C'];['132 °C (270 °F)', '>212 °F (>100 °C) (closed cup)', '132 °C c.c.'];[];['1.091 at 77 °C/4 °C', 'Density (at 77 °C): 1.09 g/cm³'];[];[];;
methyl tetradecanoate;['Honey & orris-like (Iris florentina) odor', 'FATTY COCONUT, COGNAC ODOR'];['295.0 °C', '295 °C'];['19.0 °C', '19 °C', '18.5°C'];[];[];['0.8671 @ 20 °C'];[];[];;;
2-methylpropyl 2-phenylacetate;[];['247.0 °C'];[];[];[];[];[];[];;;
ethyl 2-phenylacetate;['Sweet, honey odor', 'Pleasant odor'];['227.0 °C', '228 °C'];['-29.4 °C', '-29.4°C'];['210 °F (99 °F)'];[];['1.0333 g/cu cm at 20 °C'];['5.67 (Air = 1)'];[];;;
3,7-dimethylocta-2,6-dienyl 2-phenylacetate;[];[];[];[];[];[];[];[];;;
prop-2-enyl 2-phenylacetate;[];[];[];[];[];[];[];[];;;
prop-2-enyl 2-phenoxyacetate;[];[];[];[];[];[];[];[];;;
3-methylbutyl 2-methylpropanoate;[];['168.5 °C'];[];[];[];[];[];[];;;
3,7-dimethyloct-6-enyl pentanoate;[];[];[];[];[];[];[];[];;;
propyl 2-phenylacetate;[];[];[];[];[];[];[];[];;;
2-phenylethyl acetate;[];['232.6 °C'];['-31.1 °C', '-31.1°C'];[];[];[];[];[];;;
2-phenylethyl 2-aminobenzoate;[];[];['42°C'];[];[];['1.14 at 77 °F (NTP, 1992)'];[];[];;;
2-phenoxyethyl 2-methylpropanoate;[];[];[];[];[];[];[];[];;;
2-methylundecanal;[];['171.0 °C'];[];[];[];[];[];[];;;
dodecan-1-ol;['CHARACTERISTIC FATTY ODOR; UNPLEASANT AT HIGH CONCN BUT DELICATE & FLORAL ON DILUTION', 'Fatty repulsive odor'];['498 °F at 760 mm Hg (USCG, 1999)', '259.0 °C', '259 °C at 760 mm Hg', 'at 101.3kPa: 250 °C'];['75 °F (USCG, 1999)', '24.0 °C', '24 °C', '24°C'];['260 °F (USCG, 1999)', '260 °F (127 °C) (Closed cup)', '121 °C c.c.'];[];['0.831 at 75.2 °F (USCG, 1999)', '0.8309 at 24 °C/4 °C', 'Density (at 24 °C): 0.83 g/cm³', 'Relative density of the vapour/air-mixture at 20 °C (air = 1): 1.00'];['Relative vapor density (air = 1): 6.4'];[];;
6,6-dimethylbicyclo[3.1.1]hept-2-ene-2-carbaldehyde;[];[];[];[];[];[];[];[];;;
propan-2-yl 2-phenylacetate;[];['486 to 489 °F at 760 mm Hg (NTP, 1992)'];[];['203 °F (NTP, 1992)'];[];['1.3 at 70.7 °F (NTP, 1992)'];[];[];;;
2-phenylethyl benzoate;[];[];[];[];[];[];[];[];;;
2-phenylethyl 2-hydroxybenzoate;[];[];['44°C'];[];[];[];[];[];;;
butyl 2-phenylacetate;[];[];[];[];[];[];[];[];;;
octyl 3-methylbutanoate;[];[];[];[];[];[];[];[];;;
2-phenylethanol;['CHARACTERISTIC ROSE-LIKE ODOR', 'Pure PEA has an extremely mild roselike odor. >99% pure vary in odor because of the impurities present.'];['218.2 °C', '218.2 °C', '218.2 °C AT 760 MM HG', '219 °C'];['-27 °C', '-27.0 °C', '-27 °C', '-25.8°C'];['205 °F (96 °C) (Closed cup)', '102 °C c.c.'];[];['1.0202 AT 20 °C/4 °C', '1.02 g/cm³'];['4.21 (AIR= 1)', 'Relative vapor density (air = 1): 4.2'];[];;;
undecan-2-one;['Strong odor'];['231.5 °C'];['15.0 °C', '15 °C', '15°C'];['192 °F (89 °C) (Closed cup)'];[];['0.8260 to 0.8263 at 20 °C/4 °C'];['5.9 (Air = 1)'];[];;;
2-methylpropyl benzoate;[];['242.0 °C'];[];[];[];[];[];[];;;
3,7-dimethylocta-2,6-dienyl 2-methylpropanoate;[];[];[];[];[];[];[];[];;;
3-phenylprop-2-enyl 3-methylbutanoate;[];[];[];[];[];[];[];[];;;
3,7-dimethyloct-6-enyl acetate;[];[];[];[];[];[];[];[];;;
3,7-dimethyloct-6-enyl 2-methylbut-2-enoate;[];[];[];[];[];[];[];[];;;
3,7-dimethyloct-6-enyl 2-methylpropanoate;[];[];[];[];[];[];[];[];;;
3,7-dimethyloct-6-enyl propanoate;[];[];[];[];[];[];[];[];;;
2-phenylethyl 2-methylbut-2-enoate;[];[];[];[];[];[];[];[];;;
2-phenylethyl 2-methylpropanoate;[];['250.0 °C'];[];[];[];[];[];[];;;
2-phenylethyl propanoate;['Flower fruit odor'];['238.0 °C'];['<25°C'];[];[];['1.02 at 25/25 °C'];[];[];;;
2-phenylethyl 3-methylbutanoate;[];[];[];[];[];[];[];[];;;
2-phenylethyl hexanoate;[];[];[];[];[];[];[];[];;;
dodecyl acetate;[];['265.0 °C'];['1.3 °C', '1.3°C'];[];[];[];[];[];;;
nonanal;['Orange-rose odor', 'Floral, waxy, green'];['374 to 378 °F at 760 mm Hg (NTP, 1992)', '191.0 °C', '195 °C'];['145 °F (NTP, 1992)', '-19.3 °C'];['182 °F (NTP, 1992)', '64 °C (147 °F) - closed cup'];[];['0.8264 at 72 °F (NTP, 1992)', '0.8264 g/cu cm at 22 °C'];[];[];;;
undec-10-enal;[];[];[];[];[];[];[];[];;;
undecanal;[];[];['-4.0 °C', '-4°C'];[];[];[];[];[];;;
2-phenylethyl formate;[];[];[];[];[];[];[];[];;;
octyl formate;[];['198.8 °C'];['-39.1 °C', '-39.1°C'];[];[];[];[];[];;;
3,7,11-trimethyldodeca-1,6,10-trien-3-ol;[];[];[];[];[];[];[];[];;;
3,7-dimethyloct-6-en-1-ol;['Fresh rosy odor', 'Rose odor'];['224.25 °C', '224 °C'];['<-20 °C'];[];[];['0.8550 g/cu cm at 20 °C'];[];[];;;
5-phenylpentan-1-ol;[];[];[];[];[];[];[];[];;;
decan-1-ol;['Sweet odor', 'Floral, fruity odor', 'RESEMBLE ORANGE FLOWERS'];['446 °F at 760 mm Hg (USCG, 1999)', '231.1 °C', '229 °C', '230 °C'];['44 °F (USCG, 1999)', '6.9 °C', '7 °C', '6.9°C'];['180 °F (USCG, 1999)', '82 °C (180 °F) - closed cup', '180 °F (82 °C) (Open cup)', '108 °C c.c.'];[];['0.84 at 68 °F (USCG, 1999)', '0.8297 g/cu cm at 20 °C', '0.83 g/cm³', 'Relative density of the vapour/air-mixture at 20 °C (air = 1): 1.01'];['5.3 (Air= 1)', 'Relative vapor density (air = 1): 5.5'];[];;;
